SKU ID,Current Stock Quantity,Units (Nos/Kg),Average Lead Time (days),Maximum Lead Time (days),Unit Price,Annual Sale Quantity,today,Annual Revenue,Revenue Share %,Cummulative share,ABC ?,Average Weekly Demand,SD of Weekly Demand,CV,CV rank,XYZ ?,Value in WH,ABC rank,Peak Weekly Demand,Safety Stock,Re order point,Do we need to order?,Stock Status
3249CA,86,Kg,60,87,320,1694,14-Jun-20,542080,0.130620308,93,C [Less Value],31.96226415,19.46546266,0.609013885,1,X [Uniform Demand],27520,103,64,521.4663073,795.4285714,Yes,Below Reorder point
3180BA,250,Kg,30,46,30,1753,14-Jun-20,52590,0.012672155,100,C [Less Value],33.0754717,20.20260497,0.610803231,2,X [Uniform Demand],7500,212,75,351.1051213,492.8571429,Yes,Below Reorder point
3178CA,4,Kg,30,47,26000,222,14-Jun-20,5772000,1.390828697,57,A [High Value],4.150943396,2.652134964,0.638923423,3,X [Uniform Demand],104000,21,10,49.35309973,67.14285714,Yes,Below Reorder point
3271CA,285,Kg,30,40,34.5,246,14-Jun-20,8487,0.002045039,100,C [Less Value],4.641509434,2.965807279,0.638974739,4,X [Uniform Demand],9832.5,212,11,42.96495957,62.85714286,No,In Stock
3264CA,930,Kg,30,47,30,1797,14-Jun-20,53910,0.012990224,100,C [Less Value],33.71698113,22.11494616,0.655899355,5,X [Uniform Demand],27900,212,78,379.212938,523.7142857,No,In Stock
3239AA,800,Kg,30,42,687.5,1724,14-Jun-20,1185250,0.285599396,86,B [Medium Value],32.52830189,22.14498007,0.680791151,6,X [Uniform Demand],550000,66,95,430.5929919,570,No,In Stock
3205AA,14,Kg,60,91,76300,181,14-Jun-20,13810300,3.327748017,20,A [High Value],3.41509434,2.326500021,0.681240338,7,X [Uniform Demand],1068200,4,8,74.7277628,104,Yes,Below Reorder point
2365AA,503,Kg,60,83,30,841,14-Jun-20,25230,0.006079454,100,C [Less Value],15.86792453,11.01634761,0.694252584,8,X [Uniform Demand],15090,212,35,278.9892183,415,No,In Stock
1857AA,8,Kg,60,89,30,889,14-Jun-20,26670,0.006426438,100,C [Less Value],16.77358491,11.72103658,0.698779459,9,X [Uniform Demand],240,212,44,415.6549865,559.4285714,Yes,Below Reorder point
1582CA,23,Kg,45,63,550,253,14-Jun-20,139150,0.033529767,99,C [Less Value],4.773584906,3.3401023,0.699705225,10,X [Uniform Demand],12650,176,12,77.31266846,108,Yes,Below Reorder point
2391CA,87174,Kg,45,67,0.75915,2838501,14-Jun-20,2154848.034,0.519235011,78,B [Medium Value],53462.09434,37837.45387,0.707743577,11,X [Uniform Demand],66178.1421,47,137571,973066.1078,1316751,Yes,Below Reorder point
1764AA,16,Kg,15,23,325,755,14-Jun-20,245375,0.059125882,98,C [Less Value],14.24528302,10.26241661,0.720408054,12,X [Uniform Demand],5200,157,41,104.1886792,134.7142857,Yes,Below Reorder point
2336BA,7565,Kg,30,44,7.92068,36640,14-Jun-20,290213.7152,0.069930278,97,C [Less Value],692.1132075,500.3877236,0.72298537,13,X [Uniform Demand],59919.9442,142,2328,11666.9434,14633.14286,Yes,Below Reorder point
3075BA,438,Kg,30,43,31,2564,14-Jun-20,79484,0.019152569,99,C [Less Value],48.33962264,35.12669436,0.726664637,14,X [Uniform Demand],13578,176,178,886.2587601,1093.428571,Yes,Below Reorder point
1767CA,14,Kg,15,21,30,801,14-Jun-20,24030,0.0057903,100,C [Less Value],15.0754717,10.96279997,0.727194491,15,X [Uniform Demand],420,212,40,87.69541779,120,Yes,Below Reorder point
1902BA,6,Kg,60,79,30,846,14-Jun-20,25380,0.006115598,100,C [Less Value],15.96226415,11.61320372,0.727541131,16,X [Uniform Demand],180,212,46,382.3234501,519.1428571,Yes,Below Reorder point
2096AA,172,Kg,120,163,30,840,14-Jun-20,25200,0.006072225,100,C [Less Value],15.8490566,11.66739729,0.73615721,17,X [Uniform Demand],5160,212,38,613.1590296,884.8571429,Yes,Below Reorder point
1826AA,15,Kg,60,82,30,964,14-Jun-20,28920,0.006968601,100,C [Less Value],18.18867925,13.46421757,0.740252626,18,X [Uniform Demand],450,212,44,359.5256065,515.4285714,Yes,Below Reorder point
1827AA,15,Kg,30,48,30,880,14-Jun-20,26400,0.006361379,100,C [Less Value],16.52830189,12.29450525,0.743845637,19,X [Uniform Demand],450,212,54,299.4501348,370.2857143,Yes,Below Reorder point
1317BA,4,Kg,90,120,30,890,14-Jun-20,26700,0.006433667,100,C [Less Value],16.79245283,12.49204802,0.743908478,20,X [Uniform Demand],120,212,50,641.2398922,857.1428571,Yes,Below Reorder point
3006CA,4,Kg,60,79,30,841,14-Jun-20,25230,0.006079454,100,C [Less Value],15.86792453,11.8799621,0.748677754,21,X [Uniform Demand],120,212,47,394.4177898,530.4285714,Yes,Below Reorder point
2548CA,86,Kg,30,41,30,878,14-Jun-20,26340,0.006346921,100,C [Less Value],16.47169811,12.41819082,0.753910783,22,X [Uniform Demand],2580,212,44,187.1212938,257.7142857,Yes,Below Reorder point
3126BA,190,Kg,60,82,30,862,14-Jun-20,25860,0.00623126,100,C [Less Value],16.1509434,12.20484937,0.755674085,23,X [Uniform Demand],5700,212,50,447.277628,585.7142857,Yes,Below Reorder point
1801AA,15,Kg,30,46,1250,1334,14-Jun-20,1667500,0.401802989,83,B [Medium Value],25.16981132,19.18995005,0.762419305,24,X [Uniform Demand],18750,58,67,332.4150943,440.2857143,Yes,Below Reorder point
3038BA,10,Kg,15,22,1300,182,14-Jun-20,236600,0.057011447,98,C [Less Value],3.433962264,2.624337717,0.764230214,25,X [Uniform Demand],13000,157,11,27.21293801,34.57142857,Yes,Below Reorder point
1468AA,459,Kg,60,94,30,846,14-Jun-20,25380,0.006115598,100,C [Less Value],15.96226415,12.21190614,0.765048493,26,X [Uniform Demand],13770,212,43,440.6091644,577.4285714,Yes,Below Reorder point
1308BA,8,Kg,45,63,30,818,14-Jun-20,24540,0.005913191,100,C [Less Value],15.30188679,11.71933559,0.765875199,27,X [Uniform Demand],240,212,51,360.6307278,459,Yes,Below Reorder point
1678CA,230,Kg,60,87,30,886,14-Jun-20,26580,0.006404752,100,C [Less Value],16.71698113,12.85533053,0.768998327,28,X [Uniform Demand],6900,212,54,527.8544474,671.1428571,Yes,Below Reorder point
2528CA,3996,Kg,30,43,21,176132,14-Jun-20,3698772,0.891260957,64,A [High Value],3313.962264,2568.941276,0.775187245,29,X [Uniform Demand],83916,28,9758,45739.30458,59942,Yes,Below Reorder point
2117BA,372,Kg,120,168,2424,5589,14-Jun-20,13547736,3.264480251,23,A [High Value],105.5471698,81.99529808,0.776859277,30,X [Uniform Demand],901728,5,316,5774.619946,7584,Yes,Below Reorder point
1830AA,26,Kg,30,44,30,858,14-Jun-20,25740,0.006202344,100,C [Less Value],16.18867925,12.59388382,0.777943872,31,X [Uniform Demand],780,212,50,244.9056604,314.2857143,Yes,Below Reorder point
1695CA,30,Kg,15,22,1649.3,177,14-Jun-20,291926.1,0.070342896,97,C [Less Value],3.490566038,2.716981132,0.778378378,32,X [Uniform Demand],49479,142,11,27.0916442,34.57142857,Yes,Below Reorder point
1745BA,21,Kg,15,20,175,500,14-Jun-20,87500,0.021084115,99,C [Less Value],9.358490566,7.28683056,0.778633104,33,X [Uniform Demand],3675,176,27,57.08894879,77.14285714,Yes,Below Reorder point
1688CA,287,Kg,60,79,30,972,14-Jun-20,29160,0.007026432,100,C [Less Value],18.33962264,14.32499254,0.781095272,34,X [Uniform Demand],8610,212,49,395.8032345,553,Yes,Below Reorder point
1811CA,15,Kg,30,42,30,942,14-Jun-20,28260,0.006809567,100,C [Less Value],17.66037736,13.88353633,0.786140412,35,X [Uniform Demand],450,212,50,224.3126685,300,Yes,Below Reorder point
1819AA,15,Kg,30,40,30,799,14-Jun-20,23970,0.005775843,100,C [Less Value],15.01886792,11.81538902,0.786703037,36,X [Uniform Demand],450,212,42,175.6334232,240,Yes,Below Reorder point
1326AA,8,Kg,90,126,30,850,14-Jun-20,25500,0.006144513,100,C [Less Value],16.03773585,12.65501953,0.789077689,37,X [Uniform Demand],240,212,48,657.8005391,864,Yes,Below Reorder point
1315BA,6,Kg,90,131,30,862,14-Jun-20,25860,0.00623126,100,C [Less Value],16.13207547,12.76054907,0.791004796,38,X [Uniform Demand],180,212,43,597.3018868,804.7142857,Yes,Below Reorder point
1321BA,9,Kg,90,137,30,799,14-Jun-20,23970,0.005775843,100,C [Less Value],15.0754717,11.98402877,0.794935575,39,X [Uniform Demand],270,212,56,902.1725067,1096,Yes,Below Reorder point
1851CA,6,Kg,60,81,30,876,14-Jun-20,26280,0.006332463,100,C [Less Value],16.35849057,13.0168169,0.795722371,40,X [Uniform Demand],180,212,45,380.4986523,520.7142857,Yes,Below Reorder point
1373BA,9,Kg,45,59,30,835,14-Jun-20,25050,0.006036081,100,C [Less Value],15.62264151,12.45251572,0.79708132,41,X [Uniform Demand],270,212,50,320.9973046,421.4285714,Yes,Below Reorder point
2418CA,120860,Kg,60,85,5.8,1715536,14-Jun-20,9950108.8,2.397591278,34,A [High Value],32368.60377,25954.69926,0.801847971,42,X [Uniform Demand],700988,9,111770,1079761.968,1357207.143,Yes,Below Reorder point
1876AA,5,Kg,30,40,22919,195,14-Jun-20,4469205,1.076905504,61,A [High Value],3.660377358,2.93928111,0.802999478,43,X [Uniform Demand],114595,25,12,52.88409704,68.57142857,Yes,Below Reorder point
1390BA,11,Kg,30,47,30,852,14-Jun-20,25560,0.006158971,100,C [Less Value],16.0754717,12.91605562,0.803463554,44,X [Uniform Demand],330,212,49,260.1051213,329,Yes,Below Reorder point
1374CA,4,Kg,45,70,30,929,14-Jun-20,27870,0.006715592,100,C [Less Value],17.52830189,14.12825855,0.806025515,45,X [Uniform Demand],120,212,61,497.3180593,610,Yes,Below Reorder point
1624AA,17,Kg,15,21,722.101,322,14-Jun-20,232516.522,0.056027486,98,C [Less Value],6.075471698,4.902248451,0.806891826,46,X [Uniform Demand],12275.717,157,19,43.98113208,57,Yes,Below Reorder point
1766CA,11,Kg,15,24,30,923,14-Jun-20,27690,0.006672219,100,C [Less Value],17.33962264,13.99992371,0.807394948,47,X [Uniform Demand],330,212,65,185.7008086,222.8571429,Yes,Below Reorder point
3007CA,5,Kg,30,47,18832.33,338,14-Jun-20,6365327.54,1.53379768,55,A [High Value],6.377358491,5.162368972,0.809483892,48,X [Uniform Demand],94161.65,20,23,127.097035,154.4285714,Yes,Below Reorder point
1296CA,4,Kg,60,93,30,900,14-Jun-20,27000,0.006505955,100,C [Less Value],16.9245283,13.78247322,0.814349031,49,X [Uniform Demand],120,212,51,532.5040431,677.5714286,Yes,Below Reorder point
1434BA,27,Kg,30,48,30,898,14-Jun-20,26940,0.006491498,100,C [Less Value],16.94339623,13.80239943,0.814618229,50,X [Uniform Demand],810,212,51,277.0997305,349.7142857,Yes,Below Reorder point
3016BA,6,Kg,60,79,20005.8,202,14-Jun-20,4041171.6,0.973766014,63,A [High Value],3.811320755,3.114522307,0.817176645,51,X [Uniform Demand],120034.8,27,11,91.47439353,124.1428571,Yes,Below Reorder point
3098AA,88,Kg,15,22,3862.32,957,14-Jun-20,3696240.24,0.8906509,65,A [High Value],18.05660377,14.77429575,0.818221186,52,X [Uniform Demand],339884.16,29,70,181.3072776,220,Yes,Below Reorder point
1571AA,86,Kg,60,93,320,648,14-Jun-20,207360,0.049965738,98,C [Less Value],12.11320755,9.938794539,0.820492384,53,X [Uniform Demand],27520,157,39,414.3153639,518.1428571,Yes,Below Reorder point
3399AA,14,Kg,40,59,194.753,410,14-Jun-20,79848.73,0.019240455,99,C [Less Value],7.830188679,6.43321525,0.821591345,54,X [Uniform Demand],2726.542,176,24,157.541779,202.2857143,Yes,Below Reorder point
1281BA,3,Kg,60,85,139500,121,14-Jun-20,16879500,4.067306478,16,A [High Value],2.283018868,1.877145148,0.822220602,55,X [Uniform Demand],418500,3,7,65.43126685,85,Yes,Below Reorder point
1681CA,218,Kg,30,47,93,4437,14-Jun-20,412641,0.099430517,95,C [Less Value],83.71698113,68.87653087,0.822730705,56,X [Uniform Demand],20274,119,389,2253.070081,2611.857143,Yes,Below Reorder point
1947CA,16,Kg,30,47,30,865,14-Jun-20,25950,0.006252946,100,C [Less Value],16.32075472,13.47782747,0.825809082,57,X [Uniform Demand],480,212,58,319.4824798,389.4285714,Yes,Below Reorder point
1698CA,15,Kg,15,24,30,883,14-Jun-20,26490,0.006383065,100,C [Less Value],16.66037736,13.77849486,0.827021775,58,X [Uniform Demand],450,212,60,170.0134771,205.7142857,Yes,Below Reorder point
1403CA,10,Kg,30,42,2550,268,14-Jun-20,683400,0.164672961,90,B [Medium Value],5.056603774,4.195303278,0.829668186,59,Y [variable Demand],25500,84,28,146.328841,168,Yes,Below Reorder point
1283CA,0,Kg,60,92,98333.33,111,14-Jun-20,10914999.63,2.630092639,31,A [High Value],2.094339623,1.740355103,0.830980365,60,Y [variable Demand],0,8,6,60.90566038,78.85714286,Yes,Out of Stock
1488CA,100,Kg,15,22,30,907,14-Jun-20,27210,0.006556557,100,C [Less Value],17.11320755,14.236096,0.831877716,61,Y [variable Demand],3000,212,47,111.0431267,147.7142857,Yes,Below Reorder point
1420CA,9,Kg,30,46,30,908,14-Jun-20,27240,0.006563786,100,C [Less Value],17.03773585,14.17540025,0.832000236,62,Y [variable Demand],270,212,54,281.8382749,354.8571429,Yes,Below Reorder point
1712AA,17,Kg,15,21,30,896,14-Jun-20,26880,0.00647704,100,C [Less Value],16.86792453,14.14885519,0.838802377,63,Y [variable Demand],510,212,57,134.8544474,171,Yes,Below Reorder point
1798AA,13,Kg,15,22,375,578,14-Jun-20,216750,0.052228365,98,C [Less Value],10.88679245,9.139713008,0.839523032,64,Y [variable Demand],4875,157,39,99.2425876,122.5714286,Yes,Below Reorder point
2422BA,11006,Kg,30,45,49.9,191554,14-Jun-20,9558544.6,2.303239454,38,A [High Value],3614.226415,3045.897294,0.842752209,65,Y [variable Demand],549199.4,11,13948,74176.17251,89665.71429,Yes,Below Reorder point
1842BA,6,Kg,30,41,6548.29,154,14-Jun-20,1008436.66,0.242994221,87,B [Medium Value],2.886792453,2.462246078,0.852934916,66,Y [variable Demand],39289.74,70,9,40.34231806,52.71428571,Yes,Below Reorder point
1295CA,5,Kg,120,158,175000,118,14-Jun-20,20650000,4.975851107,12,A [High Value],2.226415094,1.899766713,0.853285049,67,Y [variable Demand],875000,2,6,97.26145553,135.4285714,Yes,Below Reorder point
2539AA,187,Kg,30,45,30,874,14-Jun-20,26220,0.006318006,100,C [Less Value],16.39622642,14.02603996,0.855443174,68,Y [variable Demand],5610,212,56,289.7304582,360,Yes,Below Reorder point
2143AA,196,Kg,120,192,30,800,14-Jun-20,24000,0.005783072,100,C [Less Value],15.09433962,12.92396363,0.85621259,69,Y [variable Demand],5880,212,55,1249.811321,1508.571429,Yes,Below Reorder point
1479CA,303,Kg,60,81,385.5625,1223,14-Jun-20,471542.9375,0.113623605,94,C [Less Value],23.0754717,19.78263872,0.857301596,70,Y [variable Demand],116825.4375,111,77,693.2102426,891,Yes,Below Reorder point
1196AA,1253,Kg,90,128,30,792,14-Jun-20,23760,0.005725241,100,C [Less Value],14.94339623,12.88617087,0.862332142,71,Y [variable Demand],37590,212,50,722.1563342,914.2857143,No,In Stock
1130AA,13622,Kg,90,139,17.26609,47848,14-Jun-20,826147.8743,0.199069676,89,B [Medium Value],924.245283,803.0568463,0.86887849,72,Y [variable Demand],235198.678,79,2868,45067.13208,56950.28571,Yes,Below Reorder point
1325AA,6,Kg,45,69,30,891,14-Jun-20,26730,0.006440896,100,C [Less Value],16.81132075,14.63010157,0.870252955,73,Y [variable Demand],180,212,52,404.4986523,512.5714286,Yes,Below Reorder point
1499CA,25,Kg,60,86,6600,277,14-Jun-20,1828200,0.440525472,81,B [Medium Value],5.226415094,4.587273245,0.877709321,74,Y [variable Demand],165000,53,20,200.916442,245.7142857,Yes,Below Reorder point
2449CA,66031,Kg,45,68,30,854,14-Jun-20,25620,0.006173429,100,C [Less Value],16.11320755,14.14968548,0.878142073,75,Y [variable Demand],1980930,212,69,566.7008086,670.2857143,No,In Stock
1672AA,415,Kg,15,24,30,878,14-Jun-20,26340,0.006346921,100,C [Less Value],16.22641509,14.28370428,0.880274799,76,Y [variable Demand],12450,212,69,201.8005391,236.5714286,No,In Stock
1741BA,21,Kg,30,41,1450,407,14-Jun-20,590150,0.142203319,92,C [Less Value],7.641509434,6.771456017,0.886141158,77,Y [variable Demand],30450,96,30,142.9649596,175.7142857,Yes,Below Reorder point
1367CA,5,Kg,90,121,22000,129,14-Jun-20,2838000,0.683848205,74,B [Medium Value],2.433962264,2.158873168,0.886978899,78,Y [variable Demand],110000,40,12,176.1347709,207.4285714,Yes,Below Reorder point
3619CA,36357,Kg,15,22,0.7455,359295,14-Jun-20,267854.4225,0.064542553,97,C [Less Value],7136.075472,6337.751875,0.888128482,79,Y [variable Demand],27104.1435,142,33673,90537.83827,105829.4286,Yes,Below Reorder point
2371CA,78462,Kg,90,136,3.44,1055569,14-Jun-20,3631157.36,0.874968444,66,A [High Value],19759.49057,17594.31182,0.890423352,80,Y [variable Demand],269909.28,30,83924,1376472.836,1630523.429,Yes,Below Reorder point
1486CA,66,Kg,60,81,190.72,519,14-Jun-20,98983.68,0.023851237,99,C [Less Value],9.716981132,8.735910184,0.899035417,81,Y [variable Demand],12587.52,176,46,448.9973046,532.2857143,Yes,Below Reorder point
2473CA,73915,Kg,60,92,5.95,1330076,14-Jun-20,7913952.2,1.906956311,51,A [High Value],25095.77358,22848.65089,0.910458122,82,Y [variable Demand],439794.25,17,120581,1369672.226,1584778.857,Yes,Below Reorder point
1206BA,786,Kg,45,69,236.62475,12110,14-Jun-20,2865525.723,0.69048084,74,B [Medium Value],227.0566038,206.7502746,0.910567106,83,Y [variable Demand],185987.0535,40,1086,9245.207547,10704.85714,Yes,Below Reorder point
2970CA,28,Kg,60,96,512.205,157,14-Jun-20,80416.185,0.01937719,99,C [Less Value],2.79245283,2.542903485,0.910634356,84,Y [variable Demand],14341.74,176,10,113.2075472,137.1428571,Yes,Below Reorder point
3512AA,70141,Kg,20,31,0.10295,301499,14-Jun-20,31039.32205,0.007479276,100,C [Less Value],5724.132075,5253.226642,0.917733304,85,Y [variable Demand],7221.01595,212,29670,115041.0512,131395.7143,Yes,Below Reorder point
1244AA,2834,Kg,45,67,60,513297,14-Jun-20,30797820,7.421083136,7,A [High Value],9684.849057,9043.4096,0.933768771,86,Y [variable Demand],170040,1,38142,302813.6846,365073.4286,Yes,Below Reorder point
3358BA,48,Kg,30,40,1363.64,189,14-Jun-20,257727.96,0.062102468,98,C [Less Value],3.716981132,3.5255261,0.948491793,87,Y [variable Demand],65454.72,157,18,86.92722372,102.8571429,Yes,Below Reorder point
2508BA,46,Kg,60,89,463.1,92,14-Jun-20,42605.2,0.010266205,100,C [Less Value],1.754716981,1.692443365,0.964510735,88,Y [variable Demand],21302.6,212,6,61.24528302,76.28571429,Yes,Below Reorder point
1317CA,16,Kg,90,144,4908.7,110,14-Jun-20,539957,0.130108748,93,C [Less Value],2.075471698,2.035988069,0.98097607,89,Y [variable Demand],78539.2,103,9,158.458221,185.1428571,Yes,Below Reorder point
2317CA,3420,Kg,60,89,37.26672,115510,14-Jun-20,4304678.827,1.037261061,62,A [High Value],2278.377358,2245.225519,0.985449364,90,Y [variable Demand],127452.1824,26,11267,123722.9084,143251.8571,Yes,Below Reorder point
2867AA,265,Kg,30,47,297.635,2333,14-Jun-20,694382.455,0.167319308,90,B [Medium Value],44.26415094,44.02535759,0.994605265,91,Y [variable Demand],78873.275,84,161,891.296496,1081,Yes,Below Reorder point
1497CA,2096,Kg,40,53,16.71828,25933,14-Jun-20,433555.1552,0.104470019,94,C [Less Value],490.6037736,488.7041911,0.996128072,92,Y [variable Demand],35041.51488,111,2385,15254.40701,18057.85714,Yes,Below Reorder point
3404CA,86,Kg,15,24,396.54,1304,14-Jun-20,517088.16,0.124598242,93,C [Less Value],24.60377358,24.68009634,1.003102075,93,Y [variable Demand],34102.44,103,121,362.1347709,414.8571429,Yes,Below Reorder point
3053AA,273,Kg,15,23,40.87148,3116,14-Jun-20,127355.5317,0.030687756,99,C [Less Value],58.9245283,59.95654057,1.017514137,94,Y [variable Demand],11157.91404,176,350,1023.733154,1150,Yes,Below Reorder point
1624CA,18,Kg,30,48,1531.377,290,14-Jun-20,444099.33,0.107010758,94,C [Less Value],5.830188679,5.945462354,1.01977186,95,Y [variable Demand],27564.786,111,27,160.1563342,185.1428571,Yes,Below Reorder point
1382CA,172,Kg,90,123,613.52125,973,14-Jun-20,596956.1763,0.143843344,92,C [Less Value],18.49056604,18.88857361,1.021524899,96,Y [variable Demand],105525.655,96,94,1413.978437,1651.714286,Yes,Below Reorder point
2573CA,444,Kg,60,81,1618.99,4986,14-Jun-20,8072284.14,1.945108183,49,A [High Value],93.47169811,96.23273749,1.029538774,97,Y [variable Demand],718831.56,16,594,6072.242588,6873.428571,Yes,Below Reorder point
3138CA,241,Kg,15,21,376.116,467,14-Jun-20,175646.172,0.042323932,99,C [Less Value],9.094339623,9.377339509,1.031118245,98,Y [variable Demand],90643.956,176,40,100.5121294,120,No,In Stock
1630BA,262,Kg,60,91,442.803,227,14-Jun-20,100516.281,0.024220535,99,C [Less Value],4.320754717,4.462732833,1.032859564,99,Y [variable Demand],116014.386,176,19,209.9649596,247,No,In Stock
2013AA,3371,Kg,120,189,143.8402,13156,14-Jun-20,1892361.671,0.455985952,80,B [Medium Value],270.3018868,281.4473767,1.041233489,100,Y [variable Demand],484885.3142,51,1292,30250.25337,34884,Yes,Below Reorder point
2458CA,79661,Kg,45,64,6.83263,443671,14-Jun-20,3031439.785,0.73045971,72,B [Medium Value],8354.792453,8786.59237,1.051682902,101,Y [variable Demand],544294.1384,37,60374,498281.4771,551990.8571,Yes,Below Reorder point
1956CA,12,Kg,60,92,1250,147,14-Jun-20,183750,0.044276641,98,C [Less Value],2.716981132,2.877219298,1.058976547,102,Y [variable Demand],15000,157,14,160.7115903,184,Yes,Below Reorder point
1584BA,20,Kg,45,65,425,232,14-Jun-20,98600,0.023758785,99,C [Less Value],4.377358491,4.790818322,1.094454186,103,Y [variable Demand],8500,176,32,269.0026954,297.1428571,Yes,Below Reorder point
2331CA,227,Kg,60,83,210.12419,31698,14-Jun-20,6660516.575,1.604926817,54,A [High Value],603.8301887,664.3145918,1.100167902,104,Y [variable Demand],47698.19113,19,3664,38268.8841,43444.57143,Yes,Below Reorder point
1163CA,2161,Kg,90,136,94.66425,13857,14-Jun-20,1311762.512,0.316084017,85,B [Medium Value],266.0943396,294.3013642,1.106003851,105,Y [variable Demand],204569.4443,63,1521,26129.6442,29550.85714,Yes,Below Reorder point
2953CA,35,Kg,30,42,1519.82,159,14-Jun-20,241651.38,0.058228634,98,C [Less Value],3.094339623,3.432718,1.109353988,106,Y [variable Demand],53193.7,157,21,112.7385445,126,Yes,Below Reorder point
1077CA,46516,Kg,45,70,22.9777,386927,14-Jun-20,8890692.528,2.142312942,43,A [High Value],7327.471698,8150.662729,1.11234312,107,Y [variable Demand],1068830.693,13,47369,426584.8248,473690,Yes,Below Reorder point
1906CA,32,Kg,30,46,1893.75,130,14-Jun-20,246187.5,0.059321663,98,C [Less Value],2.528301887,2.832451925,1.12029815,108,Y [variable Demand],60600,157,13,74.59299191,85.42857143,Yes,Below Reorder point
1993AA,21334,Kg,60,94,83.75125,79893,14-Jun-20,6691138.616,1.612305545,52,A [High Value],1511,1695.575452,1.122154502,109,Y [variable Demand],1786749.168,18,6947,80336.85714,93288.28571,Yes,Below Reorder point
1464AA,21,Kg,30,42,842.57,277,14-Jun-20,233391.89,0.056238416,98,C [Less Value],5.471698113,6.169320851,1.127496569,110,Y [variable Demand],17693.97,157,43,234.5498652,258,Yes,Below Reorder point
3120BA,119,Kg,30,42,1534.88,240,14-Jun-20,368371.2,0.088763208,95,C [Less Value],4.962264151,5.663395422,1.141292614,111,Y [variable Demand],182650.72,119,23,116.7331536,138,Yes,Below Reorder point
3494AA,2680,Kg,30,42,3.5,7882,14-Jun-20,27587,0.0066474,100,C [Less Value],153.245283,175.5604401,1.145617253,112,Y [variable Demand],9380,212,1000,5343.234501,6000,Yes,Below Reorder point
3250CA,418,Kg,60,94,34.75342,26725,14-Jun-20,928785.1495,0.223801289,88,B [Medium Value],518.5849057,598.0393574,1.153213969,113,Y [variable Demand],14526.92956,74,3155,37922.12938,42367.14286,Yes,Below Reorder point
2565CA,1735,Kg,30,40,463.03583,17702,14-Jun-20,8196660.263,1.975078017,47,A [High Value],334,385.6718715,1.154706202,114,Y [variable Demand],803367.1651,15,2573,13271.42857,14702.85714,Yes,Below Reorder point
1083AA,48210,Kg,45,68,29.02,286176,14-Jun-20,8304827.52,2.001142141,45,A [High Value],5413.018868,6269.309139,1.15819089,115,Y [variable Demand],1399054.2,14,30791,264314.593,299112.5714,Yes,Below Reorder point
2935BA,759,Kg,15,20,23.495,1772,14-Jun-20,41633.14,0.010031976,100,C [Less Value],33.41509434,38.96996132,1.166238255,116,Y [variable Demand],17832.705,212,213,536.967655,608.5714286,No,In Stock
2513CA,19,Kg,30,44,4805.03,127,14-Jun-20,610238.81,0.147043945,92,C [Less Value],2.566037736,3.031342152,1.181331868,117,Y [variable Demand],91295.57,96,18,102.1455526,113.1428571,Yes,Below Reorder point
1499AA,4218.004,Kg,20,30,14.22359,22235,14-Jun-20,316261.5237,0.076206792,96,C [Less Value],443.1132075,525.6530049,1.186272483,118,Y [variable Demand],59995.15951,130,3083,11946.81941,13212.85714,Yes,Below Reorder point
3084CA,44,Kg,30,45,2769.81,199,14-Jun-20,551192.19,0.132815994,93,C [Less Value],4.150943396,4.976913594,1.198983729,119,Y [variable Demand],121871.64,103,28,162.2102426,180,Yes,Below Reorder point
3502BA,376,Kg,40,55,1234.335,1225,14-Jun-20,1512060.375,0.364348053,84,B [Medium Value],22.9245283,27.60492782,1.204165576,120,Y [variable Demand],464109.96,61,153,1071.145553,1202.142857,Yes,Below Reorder point
3027CA,27,Kg,30,46,1145.83,47,14-Jun-20,53854.01,0.012976733,100,C [Less Value],0.867924528,1.064659319,1.226672694,121,Y [variable Demand],30937.41,212,5,29.13746631,32.85714286,Yes,Below Reorder point
1379CA,271,Kg,45,72,490.18125,1246,14-Jun-20,610765.8375,0.147170938,92,C [Less Value],23.77358491,29.17328935,1.227130425,122,Y [variable Demand],132839.1188,96,183,1729.455526,1882.285714,Yes,Below Reorder point
2606AA,43,Kg,60,79,2041.52333,251,14-Jun-20,512422.3558,0.123473964,94,C [Less Value],4.830188679,5.992875799,1.240712568,123,Y [variable Demand],87785.50319,111,25,240.7412399,282.1428571,Yes,Below Reorder point
3533CA,82476,Kg,40,64,0.64377,491430,14-Jun-20,316367.8911,0.076232422,96,C [Less Value],9431.867925,11831.19652,1.254385305,124,Y [variable Demand],53095.57452,130,54431,443758.469,497654.8571,Yes,Below Reorder point
3551CA,10034,Kg,20,31,7.06831,81397,14-Jun-20,575339.2291,0.138634496,92,C [Less Value],1538.339623,1936.193298,1.258625384,125,Y [variable Demand],70923.42254,96,12110,49234.74394,53630,Yes,Below Reorder point
3025CA,15,Kg,30,45,1092.5,116,14-Jun-20,126730,0.030537027,99,C [Less Value],2.245283019,2.860964743,1.274211188,126,Y [variable Demand],16387.5,176,14,80.37735849,90,Yes,Below Reorder point
2267CA,107,Kg,60,91,1896.44,1034,14-Jun-20,1960918.96,0.472505607,79,B [Medium Value],19.50943396,24.97139695,1.279965221,127,Y [variable Demand],202919.08,49,166,1990.77628,2158,Yes,Below Reorder point
2227AA,160,Kg,60,80,751.635,355,14-Jun-20,266830.425,0.064295809,97,C [Less Value],6.886792453,8.858766849,1.286341488,128,Y [variable Demand],120261.6,142,49,500.9703504,560,Yes,Below Reorder point
3193AA,687,Kg,15,22,1425,465,14-Jun-20,662625,0.15966699,91,C [Less Value],8.830188679,11.49854109,1.302185209,129,Y [variable Demand],978975,90,54,150.7924528,169.7142857,No,In Stock
1126CA,39270,Kg,45,62,32.8,343837,14-Jun-20,11277853.6,2.717526408,29,A [High Value],6487.490566,8464.907269,1.304804559,130,Y [variable Demand],1288056,7,34572,264503.8464,306209.1429,Yes,Below Reorder point
1601AA,14,Kg,30,42,918.403,350,14-Jun-20,321441.05,0.077454857,96,C [Less Value],7.169811321,9.422445801,1.31418323,131,Y [variable Demand],12857.642,130,62,341.2722372,372,Yes,Below Reorder point
2923CA,495,Kg,15,22,20.18857,3873,14-Jun-20,78190.33161,0.018840845,99,C [Less Value],69.43396226,91.67035064,1.320252333,132,Y [variable Demand],9993.34215,176,375,1029.784367,1178.571429,Yes,Below Reorder point
1908AA,22,Kg,120,157,27809.1,67,14-Jun-20,1863209.7,0.448961455,81,B [Medium Value],1.264150943,1.695175656,1.340959847,133,Y [variable Demand],611800.2,53,11,225.0431267,246.7142857,Yes,Below Reorder point
3423CA,72,Kg,15,21,29.555,268,14-Jun-20,7920.74,0.001908592,100,C [Less Value],5.094339623,6.835711308,1.341824812,134,Y [variable Demand],2127.96,212,43,118.083558,129,Yes,Below Reorder point
2673BA,4840,Kg,60,95,13,33280,14-Jun-20,432640,0.104249502,95,C [Less Value],670.1886792,909.0742141,1.356445196,135,Y [variable Demand],62920,119,4440,54512.66846,60257.14286,Yes,Below Reorder point
3420AA,73,Kg,15,20,17.255,250,14-Jun-20,4313.75,0.001039447,100,C [Less Value],5.113207547,6.94360131,1.357973688,136,Y [variable Demand],1259.615,212,43,111.9002695,122.8571429,Yes,Below Reorder point
1009AA,7210,Kg,30,48,28.76326,65866,14-Jun-20,1894520.883,0.456506239,80,B [Medium Value],1230.207547,1700.399779,1.382205615,137,Y [variable Demand],207383.1046,51,9780,61790.53908,67062.85714,Yes,Below Reorder point
2564BA,1340,Kg,60,96,309.205,9529,14-Jun-20,2946414.445,0.709971892,72,B [Medium Value],181.5660377,253.6996077,1.397285587,138,Y [variable Demand],414334.7,37,1666,21291.71968,22848,Yes,Below Reorder point
1161AA,197,Kg,90,142,136.5925,12092,14-Jun-20,1651676.51,0.39799014,83,B [Medium Value],235.1320755,330.5384422,1.405756495,139,Y [variable Demand],26908.7225,58,1682,31097.44474,34120.57143,Yes,Below Reorder point
1511CA,50,Kg,30,41,6.787,2050,14-Jun-20,13913.35,0.003352579,100,C [Less Value],40.24528302,57.86415636,1.437787289,140,Y [variable Demand],339.35,212,338,1807.234501,1979.714286,Yes,Below Reorder point
2291AA,2510,Kg,120,191,18.75596,69259,14-Jun-20,1299019.034,0.313013332,86,B [Medium Value],1338.660377,1932.892279,1.443900419,141,Y [variable Demand],47077.4596,66,12980,331220.1078,354168.5714,Yes,Below Reorder point
2212CA,88,Kg,60,87,884.36,226,14-Jun-20,199865.36,0.04815982,98,C [Less Value],4.264150943,6.207575844,1.455758937,142,Y [variable Demand],77823.68,157,34,386.0215633,422.5714286,Yes,Below Reorder point
2501CA,22117,Kg,90,125,35.12175,76928,14-Jun-20,2701845.984,0.651040355,75,B [Medium Value],1451.471698,2117.130949,1.458609873,143,Y [variable Demand],776787.7448,42,14683,243534.6496,262196.4286,Yes,Below Reorder point
2498CA,23,Kg,30,45,117.17,79,14-Jun-20,9256.43,0.002230442,100,C [Less Value],1.509433962,2.228652537,1.476482306,144,Y [variable Demand],2694.91,212,11,64.24528302,70.71428571,Yes,Below Reorder point
2953BA,868,Kg,30,41,47.90925,9028,14-Jun-20,432524.709,0.104221722,95,C [Less Value],170.3962264,252.2430948,1.480332635,145,Y [variable Demand],41585.229,119,1397,7452.15903,8182.428571,Yes,Below Reorder point
1964BA,21840,Kg,60,96,99.12769,47701,14-Jun-20,4728489.941,1.139383143,59,A [High Value],900.0188679,1348.706515,1.498531379,146,Z [Uncertian Demand],2164948.75,23,6290,78548.4097,86262.85714,Yes,Below Reorder point
1116CA,33398,Kg,90,140,32.8,284106,14-Jun-20,9318676.8,2.245440594,41,A [High Value],5599.735849,8445.973097,1.508280627,147,Z [Uncertian Demand],1095454.4,12,39733,722663.3962,794660,Yes,Below Reorder point
2752AA,933,Kg,45,61,76.502,3402,14-Jun-20,260259.804,0.062712544,98,C [Less Value],64.49056604,97.61488107,1.513630397,148,Z [Uncertian Demand],71376.366,157,447,3480.703504,3895.285714,Yes,Below Reorder point
2763CA,8782,Kg,90,136,10.08731,29590,14-Jun-20,298483.5029,0.071922977,97,C [Less Value],602.754717,912.7004697,1.514215391,149,Z [Uncertian Demand],88586.75642,142,4710,83758.86792,91508.57143,Yes,Below Reorder point
1224AA,194,Kg,90,121,698,6459,14-Jun-20,4508382,1.086345645,60,A [High Value],123.6603774,189.0449625,1.528743213,150,Z [Uncertian Demand],135412,24,868,13414.08086,15004,Yes,Below Reorder point
2016CA,2520.5,Kg,60,86,267.32395,12969,14-Jun-20,3466924.308,0.835394632,68,A [High Value],246.0188679,376.8530313,1.531805404,151,Z [Uncertian Demand],673790.016,32,2176,24624.98113,26733.71429,Yes,Below Reorder point
3079BA,13347,Kg,15,24,134.5,25438,14-Jun-20,3421411,0.824427686,69,A [High Value],483.245283,741.8405948,1.535122268,152,Z [Uncertian Demand],1795171.5,34,4292,13679.90296,14715.42857,Yes,Below Reorder point
1385CA,89,Kg,45,66,1781.5475,937,14-Jun-20,1669310.008,0.402239131,82,B [Medium Value],18.24528302,28.0894163,1.539544016,153,Z [Uncertian Demand],158557.7275,56,191,1683.566038,1800.857143,Yes,Below Reorder point
2988AA,29,Kg,30,40,9261,93,14-Jun-20,861273,0.207533473,89,B [Medium Value],1.773584906,2.744748051,1.54757071,154,Z [Uncertian Demand],268569,79,14,72.39892183,80,Yes,Below Reorder point
3407CA,4,Kg,15,21,1017.592,645,14-Jun-20,656346.84,0.158154196,91,C [Less Value],12.41509434,19.24365513,1.550020854,155,Z [Uncertian Demand],4070.368,90,138,387.3962264,414,Yes,Below Reorder point
1970CA,790.5,Kg,60,96,244.928,14335,14-Jun-20,3511042.88,0.846025501,67,A [High Value],273.3018868,426.2491337,1.559627483,156,Z [Uncertian Demand],193615.584,31,2891,37305.4124,39648,Yes,Below Reorder point
2053BA,115,Kg,60,89,1212.86889,269,14-Jun-20,326261.7314,0.078616455,96,C [Less Value],5.433962264,8.550646967,1.57355656,157,Z [Uncertian Demand],139479.9224,130,52,614.5660377,661.1428571,Yes,Below Reorder point
2060AA,396,Kg,120,175,1101.15,263,14-Jun-20,289602.45,0.069782987,97,C [Less Value],4.943396226,7.785848542,1.574999896,158,Z [Uncertian Demand],436055.4,142,46,1065.256065,1150,Yes,Below Reorder point
3576BA,162,Kg,60,96,44.79,1030,14-Jun-20,46133.7,0.011116437,100,C [Less Value],19.50943396,30.9354914,1.585668321,159,Z [Uncertian Demand],7255.98,212,216,2795.061995,2962.285714,Yes,Below Reorder point
3590BA,145,Kg,120,160,115.085,1279,14-Jun-20,147193.715,0.035467991,99,C [Less Value],24.37735849,39.06512531,1.60251675,160,Z [Uncertian Demand],16687.325,176,176,3604.959569,4022.857143,Yes,Below Reorder point
2277AA,10253,Kg,120,158,6.37172,42784,14-Jun-20,272607.6685,0.065687902,97,C [Less Value],809.2830189,1319.341937,1.63026025,161,Z [Uncertian Demand],65329.24516,142,5621,113000.5768,126874,Yes,Below Reorder point
1330CA,8,Kg,60,92,6000,51,14-Jun-20,306000,0.073734162,96,C [Less Value],0.962264151,1.577701506,1.639572154,162,Z [Uncertian Demand],48000,130,8,96.89487871,105.1428571,Yes,Below Reorder point
3177CA,11771.05,Kg,30,42,69.45642,11531,14-Jun-20,800901.979,0.192986392,89,B [Medium Value],220.1320755,364.375042,1.655256469,163,Z [Uncertian Demand],817574.9926,79,2054,11380.57682,12324,Yes,Below Reorder point
1445BA,46,Kg,30,44,1291.865,386,14-Jun-20,498659.89,0.120157742,94,C [Less Value],7.301886792,12.38621404,1.696303215,164,Z [Uncertian Demand],59425.79,111,88,521.8490566,553.1428571,Yes,Below Reorder point
2977BA,442,Kg,60,89,52.8,195,14-Jun-20,10296,0.002480938,100,C [Less Value],3.679245283,6.377358491,1.733333333,165,Z [Uncertian Demand],23337.6,212,26,299.0350404,330.5714286,No,In Stock
2714CA,9014,Kg,90,124,49.79846,31240,14-Jun-20,1555703.89,0.374864452,83,B [Medium Value],589.4339623,1037.653585,1.760423816,166,Z [Uncertian Demand],448883.3184,58,4625,74350.13477,81928.57143,Yes,Below Reorder point
1255CA,10,Kg,60,83,84500,34,14-Jun-20,2873000,0.692281851,73,B [Medium Value],0.660377358,1.164626367,1.76357707,167,Z [Uncertian Demand],845000,39,5,53.62533693,59.28571429,Yes,Below Reorder point
1971AA,1890.5,Kg,120,177,321.9469,7997,14-Jun-20,2574609.359,0.620381251,76,B [Medium Value],150.3207547,266.4845759,1.772773004,168,Z [Uncertian Demand],608640.6145,43,1390,32570.21563,35147.14286,Yes,Below Reorder point
2729AA,880,Kg,90,119,76.518,2345,14-Jun-20,179434.71,0.043236823,99,C [Less Value],44.24528302,78.77599138,1.780438185,169,Z [Uncertian Demand],67335.84,176,407,6350.132075,6919,Yes,Below Reorder point
1234BA,532,Kg,45,63,498,6161,14-Jun-20,3068178,0.739312199,70,A [High Value],116.245283,207.101097,1.781587103,170,Z [Uncertian Demand],264936,35,1014,8378.708895,9126,Yes,Below Reorder point
2994CA,12,Kg,30,48,12977,41,14-Jun-20,532057,0.128205153,93,C [Less Value],0.773584906,1.382389365,1.78699113,171,Z [Uncertian Demand],155724,103,8,51.54177898,54.85714286,Yes,Below Reorder point
2840AA,11008,Kg,90,127,8.61042,41083,14-Jun-20,353741.8849,0.085238109,96,C [Less Value],860.1886792,1540.821553,1.791259976,172,Z [Uncertian Demand],94783.50336,130,5693,92227.71698,103287.2857,Yes,Below Reorder point
2348BA,30,Kg,60,89,38440,17,14-Jun-20,653480,0.157463399,91,C [Less Value],0.320754717,0.575394365,1.793876551,173,Z [Uncertian Demand],1153200,90,2,22.67924528,25.42857143,No,In Stock
2498BA,32,Kg,60,96,1474.56,71,14-Jun-20,104693.76,0.025227146,99,C [Less Value],1.358490566,2.50353968,1.842883376,174,Z [Uncertian Demand],47185.92,176,15,194.0700809,205.7142857,Yes,Below Reorder point
2803BA,4811,Kg,45,67,42.48576,8009,14-Jun-20,340268.4518,0.081991533,96,C [Less Value],169.2264151,312.2386389,1.845093975,175,Z [Uncertian Demand],204398.9914,130,1600,14226.40162,15314.28571,Yes,Below Reorder point
1193BA,2957,Kg,90,138,815,14940,14-Jun-20,12176100,2.93396904,26,A [High Value],324,600.578589,1.85363762,176,Z [Uncertian Demand],2409955,6,3475,64341.42857,68507.14286,Yes,Below Reorder point
1956AA,3.46,Kg,60,90,573.09,79,14-Jun-20,45274.11,0.010909309,100,C [Less Value],1.830188679,3.413269605,1.864982362,177,Z [Uncertian Demand],1982.8914,212,18,215.7412399,231.4285714,Yes,Below Reorder point
2847BA,3638,Kg,90,118,241.79216,10608,14-Jun-20,2564931.233,0.618049197,76,B [Medium Value],202.3396226,379.8539413,1.877308736,178,Z [Uncertian Demand],879639.8781,43,1842,28449.34771,31050.85714,Yes,Below Reorder point
2785BA,4220,Kg,45,63,34.48244,12335,14-Jun-20,425340.8974,0.102490701,95,C [Less Value],228.0566038,429.2427916,1.88217655,179,Z [Uncertian Demand],145515.8968,119,2000,16533.92183,18000,Yes,Below Reorder point
2515BA,8140,Kg,30,43,90,9686,14-Jun-20,871740,0.210055615,88,B [Medium Value],187.6603774,354.2422656,1.887677466,180,Z [Uncertian Demand],732600,74,2166,12501.16981,13305.42857,Yes,Below Reorder point
1990AA,2167.5,Kg,60,79,545.845,6326,14-Jun-20,3453015.47,0.83204314,68,A [High Value],119.3584906,226.9074364,1.901058193,181,Z [Uncertian Demand],1183119.038,32,1272,13332.3558,14355.42857,Yes,Below Reorder point
2646AA,277,Kg,120,157,908.33214,1461,14-Jun-20,1327073.257,0.319773314,85,B [Medium Value],27.56603774,52.59367543,1.907915673,182,Z [Uncertian Demand],251608.0028,63,334,7018.58221,7491.142857,Yes,Below Reorder point
1907AA,30,Kg,60,89,6617.42,138,14-Jun-20,913203.96,0.220046825,88,B [Medium Value],2.622641509,5.006510535,1.908957254,183,Z [Uncertian Demand],198522.6,74,35,422.5202156,445,Yes,Below Reorder point
3345AA,240,Kg,40,61,31.06467,1562,14-Jun-20,48523.01454,0.011692169,100,C [Less Value],29.60377358,56.9416582,1.923459455,184,Z [Uncertian Demand],7455.5208,212,328,2689.121294,2858.285714,Yes,Below Reorder point
2229AA,48,Kg,120,192,1054.24333,258,14-Jun-20,271994.7791,0.065540219,97,C [Less Value],5,9.776753329,1.955350666,185,Z [Uncertian Demand],50603.67984,142,68,1779.428571,1865.142857,Yes,Below Reorder point
2766AA,7502,Kg,90,126,363.83238,4147,14-Jun-20,1508812.88,0.363565532,85,B [Medium Value],80.66037736,159.5092643,1.977541757,186,Z [Uncertian Demand],2729470.515,63,689,11364.93801,12402,Yes,Below Reorder point
1992AA,2714.5,Kg,60,92,586.3916,4098,14-Jun-20,2403032.777,0.579037932,77,B [Medium Value],77.41509434,154.0170824,1.989496799,187,Z [Uncertian Demand],1591759.998,45,640,7747.87062,8411.428571,Yes,Below Reorder point
1214CA,2472,Kg,30,43,317.65903,2871,14-Jun-20,911999.0751,0.219756494,88,B [Medium Value],54.16981132,108.438268,2.001821038,188,Z [Uncertian Demand],785253.1222,74,546,3121.843666,3354,Yes,Below Reorder point
2054CA,219,Kg,120,174,904,80,14-Jun-20,72320,0.017426322,99,C [Less Value],1.509433962,3.025817473,2.004604076,189,Z [Uncertian Demand],197976,176,13,297.2668464,323.1428571,Yes,Below Reorder point
3378CA,1900,Kg,15,22,1.5,14145,14-Jun-20,21217.5,0.005112597,100,C [Less Value],261.2264151,531.2488896,2.033672167,190,Z [Uncertian Demand],2850,212,2500,7297.371968,7857.142857,Yes,Below Reorder point
2767AA,3706,Kg,45,62,147.86565,3013,14-Jun-20,445519.2035,0.107352892,94,C [Less Value],56.8490566,117.7128576,2.070621126,191,Z [Uncertian Demand],547990.0989,111,525,4284.541779,4650,Yes,Below Reorder point
2229CA,107,Kg,60,80,751,90,14-Jun-20,67590,0.016286575,99,C [Less Value],1.716981132,3.573367729,2.081192194,192,Z [Uncertian Demand],80357,176,16,168.1401617,182.8571429,Yes,Below Reorder point
1967BA,4190.5,Kg,120,163,178.65,54641,14-Jun-20,9761614.65,2.35217148,36,A [High Value],1052.528302,2221.014536,2.110170845,193,Z [Uncertian Demand],748632.825,10,15006,331382.0863,349425.4286,Yes,Below Reorder point
2956AA,405,Kg,30,47,12.02259,2585,14-Jun-20,31078.39515,0.007488691,100,C [Less Value],49.0754717,103.6599755,2.112256326,194,Z [Uncertian Demand],4869.14895,212,650,4153.962264,4364.285714,Yes,Below Reorder point
1366BA,12,Kg,45,67,16900,43,14-Jun-20,726700,0.175106586,90,B [Medium Value],0.830188679,1.756237929,2.115468414,195,Z [Uncertian Demand],202800,84,11,99.94878706,105.2857143,Yes,Below Reorder point
1145BA,1816,Kg,45,60,85.30066,12814,14-Jun-20,1093042.657,0.263380994,87,B [Medium Value],243.4150943,525.677153,2.159591436,196,Z [Uncertian Demand],154905.9986,70,3243,26232.33154,27797.14286,Yes,Below Reorder point
2814BA,4499,Kg,90,119,50.49535,10228,14-Jun-20,516466.4398,0.124448431,93,C [Less Value],192.9811321,419.4954962,2.173764304,197,Z [Uncertian Demand],227178.5797,103,2000,31518.81402,34000,Yes,Below Reorder point
2220BA,107,Kg,120,183,752,75,14-Jun-20,56400,0.013590218,100,C [Less Value],1.471698113,3.248243494,2.20713981,198,Z [Uncertian Demand],80464,212,18,445.3423181,470.5714286,Yes,Below Reorder point
1882CA,6,Kg,60,87,19950,14,14-Jun-20,279300,0.067300495,97,C [Less Value],0.283018868,0.625778262,2.211083194,199,Z [Uncertian Demand],119700,142,3,34.85983827,37.28571429,Yes,Below Reorder point
2727CA,3923,Kg,90,120,21.88943,9932,14-Jun-20,217405.8188,0.052386391,98,C [Less Value],189.2641509,419.8794144,2.218483597,200,Z [Uncertian Demand],85872.23389,157,2523,40818.03235,43251.42857,Yes,Below Reorder point
2621AA,1627,Kg,60,80,61.78333,1758,14-Jun-20,108615.0941,0.026172036,99,C [Less Value],33.16981132,73.87999853,2.227326463,201,Z [Uncertian Demand],100521.4779,176,330,3487.115903,3771.428571,Yes,Below Reorder point
2930CA,233,Kg,15,24,20.00833,1084,14-Jun-20,21689.02972,0.005226217,100,C [Less Value],20.52830189,45.8646918,2.234217523,202,Z [Uncertian Demand],4661.94089,212,316,1039.439353,1083.428571,Yes,Below Reorder point
1979AA,1256.5,Kg,60,94,278.638,2980,14-Jun-20,830341.24,0.200080115,89,B [Medium Value],56.22641509,127.5674652,2.268817334,203,Z [Uncertian Demand],350108.647,79,620,7843.773585,8325.714286,Yes,Below Reorder point
3448CA,1565,Kg,30,40,6.5255,7875,14-Jun-20,51388.3125,0.012382595,100,C [Less Value],148.7735849,340.8062938,2.290771537,204,Z [Uncertian Demand],10212.4075,212,2512,13716.68464,14354.28571,Yes,Below Reorder point
1995AA,913.5,Kg,120,160,100.57182,3693,14-Jun-20,371411.7313,0.089495858,95,C [Less Value],69.67924528,160.6754344,2.305929603,205,Z [Uncertian Demand],91872.35757,119,920,19834.07008,21028.57143,Yes,Below Reorder point
3556AA,262,Kg,30,42,1077.43125,739,14-Jun-20,796221.6938,0.191858625,90,B [Medium Value],13.94339623,32.37831507,2.322125438,206,Z [Uncertian Demand],282286.9875,84,222,1272.242588,1332,Yes,Below Reorder point
2212AA,118,Kg,120,180,747.405,637,14-Jun-20,476096.985,0.114720954,94,C [Less Value],12.09433962,28.13663706,2.32643021,207,Z [Uncertian Demand],88193.79,111,204,5038.382749,5245.714286,Yes,Below Reorder point
1265CA,6,Kg,60,79,103500,19,14-Jun-20,1966500,0.473850421,79,B [Medium Value],0.358490566,0.848846934,2.367836185,208,Z [Uncertian Demand],621000,49,5,53.35579515,56.42857143,Yes,Below Reorder point
2396CA,124908,Kg,30,46,0.7646,190357,14-Jun-20,145546.9622,0.035071187,99,C [Less Value],3591.641509,8512.173919,2.369995418,209,Z [Uncertian Demand],95504.6568,176,62000,392035.8221,407428.5714,Yes,Below Reorder point
1994AA,4317,Kg,60,91,450.53667,6734,14-Jun-20,3033913.936,0.731055885,71,B [Medium Value],127.0566038,305.2813991,2.402719654,210,Z [Uncertian Demand],1944966.804,36,1280,15550.9434,16640,Yes,Below Reorder point
3495CA,427,Kg,15,22,39.835,2725,14-Jun-20,108550.375,0.026156441,99,C [Less Value],52.03773585,125.7973756,2.417426,211,Z [Uncertian Demand],17009.545,176,930,2811.347709,2922.857143,Yes,Below Reorder point
2115CA,68,Kg,60,88,1912.27,158,14-Jun-20,302138.66,0.072803728,97,C [Less Value],3.094339623,7.566719962,2.445342427,212,Z [Uncertian Demand],130034.36,142,45,539.1913747,565.7142857,Yes,Below Reorder point
1266CA,5,Kg,60,86,118900,13,14-Jun-20,1545700,0.372453901,84,B [Medium Value],0.245283019,0.611390632,2.492592576,213,Z [Uncertian Demand],594500,61,3,34.75471698,36.85714286,Yes,Below Reorder point
2938CA,304.4,Kg,15,24,29.206,767,14-Jun-20,22401.002,0.005397775,100,C [Less Value],14.47169811,37.36086328,2.581650265,214,Z [Uncertian Demand],8890.3064,212,270,894.703504,925.7142857,Yes,Below Reorder point
2876CA,577,Kg,30,47,427.425,637,14-Jun-20,272269.725,0.06560647,97,C [Less Value],12.09433962,31.48120982,2.602970547,215,Z [Uncertian Demand],246624.225,142,228,1479.024259,1530.857143,Yes,Below Reorder point
3610AA,275,Kg,120,188,156.16,357,14-Jun-20,55749.12,0.013433381,100,C [Less Value],7.094339623,18.60641414,2.622712632,216,Z [Uncertian Demand],42944,212,100,2564.097035,2685.714286,Yes,Below Reorder point
3570CA,416,Kg,15,21,1160,585,14-Jun-20,678600,0.163516347,91,C [Less Value],11.54716981,30.51171506,2.642354409,217,Z [Uncertian Demand],482560,90,162,461.2560647,486,Yes,Below Reorder point
3616CA,331,Kg,120,167,433.1,334,14-Jun-20,144655.4,0.034856355,99,C [Less Value],6.301886792,16.75752144,2.659127653,218,Z [Uncertian Demand],143356.1,176,88,1991.396226,2099.428571,Yes,Below Reorder point
3462AA,820,Kg,30,46,4.1,13129,14-Jun-20,53828.9,0.012970682,100,C [Less Value],255.2641509,686.3319553,2.688712664,219,Z [Uncertian Demand],3362,212,5036,31999.72507,33093.71429,Yes,Below Reorder point
2236CA,109,Kg,120,159,1617.335,230,14-Jun-20,371987.05,0.089634488,95,C [Less Value],4.132075472,11.25189751,2.723061955,220,Z [Uncertian Demand],176289.515,119,50,1064.878706,1135.714286,Yes,Below Reorder point
2326CA,6083.67,Kg,30,46,63.5592,18307,14-Jun-20,1163578.274,0.280377348,86,B [Medium Value],351.8301887,959.3483192,2.72673679,221,Z [Uncertian Demand],386673.1983,66,7027,44669.58491,46177.42857,Yes,Below Reorder point
2632AA,2670,Kg,30,41,185.82,3639,14-Jun-20,676198.98,0.162937794,91,C [Less Value],68.69811321,198.5545488,2.890247484,222,Z [Uncertian Demand],496139.4,90,1225,6880.579515,7175,Yes,Below Reorder point
1716AA,22,Kg,15,21,140,32,14-Jun-20,4480,0.001079507,100,C [Less Value],0.603773585,1.762712561,2.919492679,223,Z [Uncertian Demand],3080,212,11,31.70619946,33,Yes,Below Reorder point
2173CA,340,Kg,60,92,444.94,900,14-Jun-20,400446,0.096491994,95,C [Less Value],17.03773585,49.74916791,2.919940088,224,Z [Uncertian Demand],151279.6,119,350,4453.962264,4600,Yes,Below Reorder point
2265BA,61,Kg,120,184,1691.46333,180,14-Jun-20,304463.3994,0.0733639,97,C [Less Value],3.396226415,9.951466418,2.930154001,225,Z [Uncertian Demand],103179.2631,142,55,1387.493261,1445.714286,Yes,Below Reorder point
2293AA,509,Kg,60,79,12.73097,13005,14-Jun-20,165566.2649,0.039895065,99,C [Less Value],245.3773585,731.8306131,2.982470011,226,Z [Uncertian Demand],6480.06373,176,4742,51413.62264,53516.85714,Yes,Below Reorder point
2054AA,131,Kg,120,191,751.83,353,14-Jun-20,265395.99,0.063950166,98,C [Less Value],6.754716981,20.67347737,3.060598605,227,Z [Uncertian Demand],98489.73,157,131,3458.633423,3574.428571,Yes,Below Reorder point
3161BA,317,Kg,30,48,360,861,14-Jun-20,309960,0.074688368,96,C [Less Value],16.30188679,50.5668192,3.101899789,228,Z [Uncertian Demand],114120,130,266,1754.134771,1824,Yes,Below Reorder point
2315BA,734,Kg,120,182,14.9222,14219,14-Jun-20,212178.7618,0.051126873,98,C [Less Value],272.6981132,846.9558271,3.10583677,229,Z [Uncertian Demand],10952.8948,157,5930,149505.1752,154180,Yes,Below Reorder point
2484BA,1396,Kg,60,85,239.67286,2660,14-Jun-20,637529.8076,0.153620019,91,C [Less Value],50.73584906,158.7923945,3.129786876,230,Z [Uncertian Demand],334583.3126,90,1124,13213.69272,13648.57143,Yes,Below Reorder point
1441AA,38,Kg,45,70,190,138,14-Jun-20,26220,0.006318006,100,C [Less Value],2.603773585,8.198802542,3.148815469,231,Z [Uncertian Demand],7220,212,56,543.2614555,560,Yes,Below Reorder point
2255CA,49,Kg,60,88,1712.565,176,14-Jun-20,301411.44,0.072628496,97,C [Less Value],3.433962264,11.09395456,3.230657096,232,Z [Uncertian Demand],83915.685,142,73,888.2803235,917.7142857,Yes,Below Reorder point
3003AA,4,Kg,30,44,13182,17,14-Jun-20,224094,0.053997984,98,C [Less Value],0.320754717,1.04201519,3.248635593,233,Z [Uncertian Demand],52728,157,7,42.62533693,44,Yes,Below Reorder point
3365CA,310,Kg,30,45,13.3248,9035,14-Jun-20,120389.568,0.029009228,99,C [Less Value],170.6981132,566.1629402,3.316749843,234,Z [Uncertian Demand],4130.688,176,2928,18091.2938,18822.85714,Yes,Below Reorder point
1708AA,15,Kg,15,23,120,30,14-Jun-20,3600,0.000867461,100,C [Less Value],0.566037736,1.937801068,3.423448554,235,Z [Uncertian Demand],1800,212,12,38.21563342,39.42857143,Yes,Below Reorder point
1514BA,13,Kg,45,68,332.8,56,14-Jun-20,18636.8,0.004490748,100,C [Less Value],1.056603774,3.657069114,3.461154697,236,Z [Uncertian Demand],4326.4,212,25,236.06469,242.8571429,Yes,Below Reorder point
3125AA,144,Kg,30,43,119.136,498,14-Jun-20,59329.728,0.014296169,99,C [Less Value],9.509433962,32.93768997,3.463685651,237,Z [Uncertian Demand],17155.584,176,243,1451.959569,1492.714286,Yes,Below Reorder point
2170BA,372,Kg,120,171,305.19,1091,14-Jun-20,332962.29,0.08023103,96,C [Less Value],20.52830189,72.25207545,3.519632352,238,Z [Uncertian Demand],113530.68,130,430,10152.37197,10504.28571,Yes,Below Reorder point
3160BA,390,Kg,30,46,270.909,1308,14-Jun-20,354348.972,0.085384393,96,C [Less Value],24.67924528,88.61444441,3.590646448,239,Z [Uncertian Demand],105654.51,130,655,4198.51752,4304.285714,Yes,Below Reorder point
1953AA,38,Kg,30,40,947.56,123,14-Jun-20,116549.88,0.028084012,99,C [Less Value],2.320754717,8.336719379,3.592244935,240,Z [Uncertian Demand],36007.28,176,62,344.3396226,354.2857143,Yes,Below Reorder point
2142CA,343,Kg,60,91,2956,131,14-Jun-20,387236,0.093308895,95,C [Less Value],2.471698113,8.89902215,3.60036774,241,Z [Uncertian Demand],1013908,119,48,602.8140162,624,Yes,Below Reorder point
1921AA,4,Kg,90,142,50000,104,14-Jun-20,5200000,1.252998826,58,A [High Value],1.981132075,7.199293902,3.633929303,242,Z [Uncertian Demand],200000,22,52,1029.385445,1054.857143,Yes,Below Reorder point
2044CA,1711,Kg,120,166,740.82,2289,14-Jun-20,1695736.98,0.408607009,82,B [Medium Value],43.71698113,159.6478882,3.651850701,243,Z [Uncertian Demand],1267543.02,56,1026,23581.42318,24330.85714,Yes,Below Reorder point
2672BA,96,Kg,120,171,11375,54,14-Jun-20,614250,0.148010486,92,C [Less Value],1.018867925,3.74413033,3.674794583,244,Z [Uncertian Demand],1092000,96,19,446.6765499,464.1428571,Yes,Below Reorder point
1945AA,31,Kg,15,23,965,83,14-Jun-20,80095,0.019299796,99,C [Less Value],1.58490566,5.842053019,3.686057262,245,Z [Uncertian Demand],29915,176,43,137.8894879,141.2857143,Yes,Below Reorder point
2139BA,354,Kg,120,176,2032.85,103,14-Jun-20,209383.55,0.050453335,98,C [Less Value],1.943396226,7.248721668,3.729924742,246,Z [Uncertian Demand],719628.9,157,43,1047.827493,1081.142857,Yes,Below Reorder point
2429BA,342553,Kg,90,122,5.28688,35029,14-Jun-20,185194.1195,0.044624618,98,C [Less Value],451.1509434,1731.498755,3.837958849,247,Z [Uncertian Demand],1811036.605,157,10502,177234.345,183034.8571,No,In Stock
1650AA,221,Kg,60,93,284.87,293,14-Jun-20,83466.91,0.020112296,99,C [Less Value],5.528301887,21.27324813,3.848061948,248,Z [Uncertian Demand],62956.27,176,142,1839.185984,1886.571429,Yes,Below Reorder point
2925CA,131,Kg,30,43,48,188,14-Jun-20,9024,0.002174435,100,C [Less Value],3.547169811,13.84628012,3.903472587,249,Z [Uncertian Demand],6288,212,87,519.2264151,534.4285714,Yes,Below Reorder point
2200CA,71,Kg,60,89,448,876,14-Jun-20,392448,0.094564785,95,C [Less Value],16.62264151,65.39437008,3.934054046,250,Z [Uncertian Demand],31808,119,471,5845.948787,5988.428571,Yes,Below Reorder point
3075AA,233,Kg,30,47,60.38,526,14-Jun-20,31759.88,0.007652902,100,C [Less Value],9.924528302,39.43652605,3.973642359,251,Z [Uncertian Demand],14068.54,212,292,1918.037736,1960.571429,Yes,Below Reorder point
3143CA,646,Kg,30,41,47.764,1580,14-Jun-20,75467.12,0.018184656,99,C [Less Value],29.90566038,119.1487518,3.984153847,252,Z [Uncertian Demand],30855.544,176,868,4955.832884,5084,Yes,Below Reorder point
2025AA,2727,Kg,60,80,442.805,4535,14-Jun-20,2008120.675,0.483879394,78,B [Medium Value],85.96226415,344.1835273,4.003890901,253,Z [Uncertian Demand],1207529.235,47,2542,28314.60916,29051.42857,Yes,Below Reorder point
2662CA,173,Kg,60,82,2015.43638,470,14-Jun-20,947255.0986,0.228251832,87,B [Medium Value],8.867924528,35.66777402,4.022110687,254,Z [Uncertian Demand],348670.4937,70,240,2735.41779,2811.428571,Yes,Below Reorder point
2096BA,138,Kg,60,84,1524.57667,333,14-Jun-20,507684.0311,0.122332211,94,C [Less Value],6.283018868,25.33948917,4.033011791,255,Z [Uncertian Demand],210391.5805,111,187,2190.145553,2244,Yes,Below Reorder point
1436BA,81,Kg,30,41,125,64,14-Jun-20,8000,0.001927691,100,C [Less Value],1.20754717,5.085526969,4.211452021,256,Z [Uncertian Demand],10125,212,32,182.2533693,187.4285714,Yes,Below Reorder point
2021CA,7873,Kg,60,86,295.27467,7798,14-Jun-20,2302551.877,0.554825923,77,B [Medium Value],147.2830189,625.8011432,4.248970099,257,Z [Uncertian Demand],2324697.477,45,4080,48863.28841,50125.71429,Yes,Below Reorder point
2555CA,275,Kg,30,44,682.5,399,14-Jun-20,272317.5,0.065617982,97,C [Less Value],7.377358491,31.50575055,4.270600458,258,Z [Uncertian Demand],187687.5,142,225,1382.668464,1414.285714,Yes,Below Reorder point
2337CA,32086,Kg,60,83,1.72706,67003,14-Jun-20,115718.2012,0.02788361,99,C [Less Value],1266.09434,5531.964557,4.369314658,259,Z [Uncertian Demand],55414.44716,176,40888,473962.6199,484814.8571,Yes,Below Reorder point
2483BA,107097,Kg,30,45,1.875,149523,14-Jun-20,280355.625,0.067554859,97,C [Less Value],2821.188679,12905.79164,4.574593586,260,Z [Uncertian Demand],200806.875,142,88200,554909.1914,567000,Yes,Below Reorder point
2189CA,641,Kg,60,95,299.805,1176,14-Jun-20,352570.68,0.084955894,96,C [Less Value],22.11320755,102.1084626,4.617532863,261,Z [Uncertian Demand],192175.005,130,753,10029.74394,10219.28571,Yes,Below Reorder point
3132BA,34,Kg,15,24,190,92,14-Jun-20,17480,0.004212004,100,C [Less Value],1.773584906,8.24767894,4.650287062,262,Z [Uncertian Demand],6460,212,61,205.3423181,209.1428571,Yes,Below Reorder point
2640BA,2588,Kg,60,84,444.45667,1888,14-Jun-20,839134.193,0.202198877,89,B [Medium Value],35.05660377,163.7439805,4.670845514,263,Z [Uncertian Demand],1150253.862,79,1178,13835.51482,14136,Yes,Below Reorder point
3322AA,6802,Kg,60,90,28.5,12832,14-Jun-20,365712,0.088122444,96,C [Less Value],242.1132075,1135.541408,4.690125828,264,Z [Uncertian Demand],193857,130,6900,86639.02965,88714.28571,Yes,Below Reorder point
3579CA,116,Kg,120,187,86.65,179,14-Jun-20,15510.35,0.003737394,100,C [Less Value],3.377358491,16.38479094,4.851362681,265,Z [Uncertian Demand],10051.4,212,116,3040.959569,3098.857143,Yes,Below Reorder point
2471CA,96647,Kg,45,65,4.77698,3570,14-Jun-20,17053.8186,0.004109311,100,C [Less Value],67.35849057,334.2740992,4.962612677,266,Z [Uncertian Demand],461680.7861,212,2321,21119.12399,21552.14286,No,In Stock
2487BA,397,Kg,30,44,14.4,537,14-Jun-20,7732.8,0.001863306,100,C [Less Value],12.18867925,60.5578023,4.968364585,267,Z [Uncertian Demand],5716.8,212,435,2682.048518,2734.285714,Yes,Below Reorder point
1586CA,972,Kg,30,40,286.571,2477,14-Jun-20,709836.367,0.171043103,90,B [Medium Value],46.9245283,234.884544,5.005581356,268,Z [Uncertian Demand],278547.012,84,1719,9621.752022,9822.857143,Yes,Below Reorder point
2223AA,150,Kg,60,93,918.7,214,14-Jun-20,196601.8,0.047373428,98,C [Less Value],4.037735849,20.38401359,5.048377197,269,Z [Uncertian Demand],137805,157,150,1958.247978,1992.857143,Yes,Below Reorder point
2041CA,1256,Kg,60,82,648.42,1693,14-Jun-20,1097775.06,0.26452132,86,B [Medium Value],31.98113208,163.147403,5.101364225,270,Z [Uncertian Demand],814415.52,66,1205,13841.5903,14115.71429,Yes,Below Reorder point
2234AA,142,Kg,60,83,903,198,14-Jun-20,178794,0.043082437,99,C [Less Value],3.735849057,20.41101344,5.463554102,271,Z [Uncertian Demand],128226,176,150,1746.549865,1778.571429,Yes,Below Reorder point
2488CA,22,Kg,30,42,0.95,603,14-Jun-20,572.85,0.000138035,100,C [Less Value],11.37735849,62.46938161,5.490675332,272,Z [Uncertian Demand],20.9,212,458,2699.239892,2748,Yes,Below Reorder point
3044AA,28,Kg,15,21,1450,38,14-Jun-20,55100,0.013276968,100,C [Less Value],0.716981132,3.954349688,5.515277196,273,Z [Uncertian Demand],40600,212,29,85.46361186,87,Yes,Below Reorder point
2066AA,327,Kg,120,187,1550.95,398,14-Jun-20,617278.1,0.148740141,92,C [Less Value],7.509433962,41.52954058,5.530315706,274,Z [Uncertian Demand],507160.65,96,306,8045.838275,8174.571429,Yes,Below Reorder point
2359CA,7800,Kg,90,121,73,2420,14-Jun-20,176660,0.042568226,99,C [Less Value],45.66037736,253.325426,5.548036189,275,Z [Uncertian Demand],569400,176,1827,30993.93801,31581,Yes,Below Reorder point
1872CA,6,Kg,60,89,16000,4,14-Jun-20,64000,0.015421524,99,C [Less Value],0.075471698,0.427765436,5.667892024,276,Z [Uncertian Demand],96000,176,3,37.49595687,38.14285714,Yes,Below Reorder point
2670CA,292,Kg,60,82,4550,390,14-Jun-20,1774500,0.427585849,81,B [Medium Value],7.358490566,42.58447513,5.787120979,277,Z [Uncertian Demand],1328600,53,312,3591.784367,3654.857143,Yes,Below Reorder point
1668CA,400,Kg,30,46,0.85,500,14-Jun-20,425,0.000102409,100,C [Less Value],9.433962264,57.47567473,6.092421522,278,Z [Uncertian Demand],340,212,420,2719.568733,2760,Yes,Below Reorder point
2661CA,711,Kg,120,157,182,805,14-Jun-20,146510,0.035303242,99,C [Less Value],15.18867925,93.24527538,6.139129932,279,Z [Uncertian Demand],129402,176,685,15103.19407,15363.57143,Yes,Below Reorder point
2039CA,1252,Kg,120,164,449.75,1255,14-Jun-20,564436.25,0.1360073,93,C [Less Value],23.67924528,146.3067047,6.17868952,280,Z [Uncertian Demand],563087,103,1078,24850.07008,25256,Yes,Below Reorder point
3413AA,160,Kg,30,44,35.3004,14559,14-Jun-20,513938.5236,0.123839301,93,C [Less Value],275.1320755,1728.93275,6.284010133,281,Z [Uncertian Demand],5648.064,103,12732,78850.57682,80029.71429,Yes,Below Reorder point
2342CA,51818,Kg,60,86,2.77685,62033,14-Jun-20,172256.3361,0.041507113,99,C [Less Value],1170.433962,7494.174612,6.402902559,282,Z [Uncertian Demand],143890.8133,176,55186,667967.1375,677999.4286,Yes,Below Reorder point
2600BA,417,Kg,60,80,1467.79,508,14-Jun-20,745637.32,0.179669747,90,B [Medium Value],9.58490566,61.47477899,6.413707256,283,Z [Uncertian Demand],612068.43,84,452,5083.557951,5165.714286,Yes,Below Reorder point
2604CA,843,Kg,30,42,129.04,981,14-Jun-20,126588.24,0.030502868,99,C [Less Value],18.50943396,122.4685747,6.61654889,284,Z [Uncertian Demand],108780.72,176,901,5326.673854,5406,Yes,Below Reorder point
2078CA,338,Kg,60,93,1129.24,371,14-Jun-20,418948.04,0.10095027,95,C [Less Value],7,46.76920451,6.68131493,285,Z [Uncertian Demand],381683.12,119,344,4510.285714,4570.285714,Yes,Below Reorder point
3461CA,177,Kg,15,23,30.064,36429,14-Jun-20,1095201.456,0.263901181,87,B [Medium Value],687.3584906,4758.740368,6.923229193,286,Z [Uncertian Demand],5321.328,70,35000,113527.0889,115000,Yes,Below Reorder point
1484BA,439,Kg,15,23,0.2,464,14-Jun-20,92.8,2.23612E-05,100,C [Less Value],8.754716981,60.7767041,6.942166632,287,Z [Uncertian Demand],87.8,212,447,1449.954178,1468.714286,Yes,Below Reorder point
2524AA,3996,Kg,30,41,14,4040,14-Jun-20,56560,0.013628772,100,C [Less Value],76.22641509,538.636386,7.06626942,288,Z [Uncertian Demand],55944,212,3960,22867.60108,23194.28571,Yes,Below Reorder point
2680BA,4097,Kg,45,68,215.57,4192,14-Jun-20,903669.44,0.217749375,88,B [Medium Value],79.09433962,563.4314431,7.123536852,289,Z [Uncertian Demand],883190.29,74,4142,39728.10782,40236.57143,Yes,Below Reorder point
1488BA,45,Kg,30,47,70,1642,14-Jun-20,114940,0.027696093,99,C [Less Value],30.98113208,223.4081205,7.211102551,290,Z [Uncertian Demand],3150,176,1642,10892.08086,11024.85714,Yes,Below Reorder point
3274CA,0,Kg,60,92,30,,14-Jun-20,,0,100,C [Less Value],0,0,1000,291,Z [Uncertian Demand],0,212,0,0,0,No,Out of Stock
3276AA,0,Kg,30,43,30,,14-Jun-20,,0,100,C [Less Value],0,0,1000,291,Z [Uncertian Demand],0,212,0,0,0,No,Out of Stock
3291CA,0,Kg,60,86,30,,14-Jun-20,,0,100,C [Less Value],0,0,1000,291,Z [Uncertian Demand],0,212,0,0,0,No,Out of Stock
3296AA,0,Kg,30,44,30,,14-Jun-20,,0,100,C [Less Value],0,0,1000,291,Z [Uncertian Demand],0,212,0,0,0,No,Out of Stock
3299CA,0,Kg,60,82,30,,14-Jun-20,,0,100,C [Less Value],0,0,1000,291,Z [Uncertian Demand],0,212,0,0,0,No,Out of Stock
3300CA,0,Kg,30,42,30,,14-Jun-20,,0,100,C [Less Value],0,0,1000,291,Z [Uncertian Demand],0,212,0,0,0,No,Out of Stock
3312AA,0,Kg,60,84,30,,14-Jun-20,,0,100,C [Less Value],0,0,1000,291,Z [Uncertian Demand],0,212,0,0,0,No,Out of Stock
3332CA,0,Kg,30,46,30,,14-Jun-20,,0,100,C [Less Value],0,0,1000,291,Z [Uncertian Demand],0,212,0,0,0,No,Out of Stock
2987AA,15,Kg,30,43,30,,14-Jun-20,,0,100,C [Less Value],0,0,1000,291,Z [Uncertian Demand],450,212,0,0,0,No,In Stock
1491CA,0,Kg,30,43,30,,14-Jun-20,,0,100,C [Less Value],0,0,1000,291,Z [Uncertian Demand],0,212,0,0,0,No,Out of Stock
2884AA,690,Kg,15,23,30,,14-Jun-20,,0,100,C [Less Value],0,0,1000,291,Z [Uncertian Demand],20700,212,0,0,0,No,In Stock
2895CA,470,Kg,30,42,30,,14-Jun-20,,0,100,C [Less Value],0,0,1000,291,Z [Uncertian Demand],14100,212,0,0,0,No,In Stock
2982AA,200,Kg,30,48,30,,14-Jun-20,,0,100,C [Less Value],0,0,1000,291,Z [Uncertian Demand],6000,212,0,0,0,No,In Stock
